City,Year,TMAX,TMIN,TAVG,TDIFF,PRCP,WIND,EVPR,SUND,WATR,SUND5_cum,GDD5_cum,CDD7_cum,CODE3,CODE51,CODE71,CODE73,CODE61,CODE53,CODE63,CODE55,CODE75,CODE2,CODE0,CODE1,CODE65,lat,long,alt,bloom_date,bloom_doy
Kyoto,1940,8.471666667,-1.056666667,3.7075,9.528333333,1.495,15.56666667,1.8075,8.782168056,-0.3125,178.6968,48.2,144.5,27,13,7,5,3,3,1,1,0,0,0,0,0,35.0119831,135.6761135,44,1940-04-19,110
Kyoto,1941,10.39152542,0.466101695,5.428813559,9.925423729,1.420338983,15.34576271,2.060338983,9.148688512,-0.64,282.9911,101.55,118.3,30,14,2,0,2,3,2,2,1,1,1,1,0,35.0119831,135.6761135,44,1941-04-10,100
Kyoto,1942,10.87118644,0.920338983,5.895762712,9.950847458,2.055932203,14.95254237,1.861864407,8.156733192,0.194067797,255.6606528,133.2,102.4,20,21,4,2,3,1,1,2,1,3,0,1,0,35.0119831,135.6761135,44,1942-04-06,96
Kyoto,1943,10.64745763,0.322033898,5.484745763,10.32542373,1.377966102,14.71525424,2.020847458,8.840066761,-0.642881356,238.7671167,101.55,130.35,28,15,0,0,3,3,1,3,0,4,0,2,0,35.0119831,135.6761135,44,1943-04-11,101
Kyoto,1944,10.15666667,0.493333333,5.325,9.663333333,1.505,15.39833333,1.874833333,8.578203426,-0.369833333,289.5140833,83.45,167.9,21,20,4,1,4,7,1,1,0,1,0,0,0,35.0119831,135.6761135,44,1944-04-09,100
Kyoto,1945,9.247457627,-0.006779661,4.620338983,9.254237288,1.922033898,14.83389831,1.813728814,8.47401549,0.108305085,139.0490861,86.2,129.1,25,15,3,1,4,4,1,0,1,2,3,0,0,35.0119831,135.6761135,44,1971-04-08,98
Kyoto,1946,9.83220339,0.889830508,5.361016949,8.942372881,2.871186441,14.80677966,1.743050847,7.589122505,1.128135593,213.9021889,78.35,161.1,19,15,4,2,3,6,6,1,1,1,0,1,0,35.0119831,135.6761135,44,1946-04-07,97
Kyoto,1947,8.479661017,-1.096610169,3.691525424,9.576271186,1.449152542,15.23220339,1.775254237,8.769294021,-0.326101695,159.473625,49.9,118.55,18,18,11,2,3,4,0,1,1,0,0,1,0,35.0119831,135.6761135,44,1947-04-17,107
Kyoto,1948,10.575,1.386666667,5.980833333,9.188333333,1.325,13.84,1.770166667,7.485172917,-0.445166667,231.4634611,99.35,156.55,23,23,0,0,2,5,2,1,0,1,1,2,0,35.0119831,135.6761135,44,1948-04-11,102
Kyoto,1949,10.63898305,1.122033898,5.880508475,9.516949153,2.03559322,16.89661017,1.894237288,8.664481026,0.141355932,284.950525,85.35,168.55,19,23,4,0,2,5,3,3,0,0,0,0,0,35.0119831,135.6761135,44,1949-04-17,107
Kyoto,1950,10.20677966,0.920338983,5.563559322,9.286440678,2.169491525,15.93050847,1.76779661,8.122200895,0.401694915,181.2397806,93.35,155.85,20,19,4,2,3,4,1,3,1,2,0,0,0,35.0119831,135.6761135,44,1950-04-09,99
Kyoto,1951,10.00677966,1.03559322,5.521186441,8.971186441,2.328813559,16.61355932,1.723559322,8.014492844,0.605254237,239.9838083,95.5,144.5,23,19,4,0,6,3,2,1,1,0,0,0,0,35.0119831,135.6761135,44,1951-04-08,98
Kyoto,1952,8.386666667,0.071666667,4.229166667,8.315,2.871666667,16.115,1.5925,7.611620833,1.279166667,153.5097417,55.1,144.6,25,13,4,2,5,6,4,1,0,0,0,0,0,35.0119831,135.6761135,44,1952-04-14,105
Kyoto,1953,10.13559322,1.279661017,5.707627119,8.855932203,2.318644068,16.03898305,1.722033898,7.981591808,0.596610169,281.2863194,103.7,152.65,14,21,6,1,5,4,1,3,1,2,1,0,0,35.0119831,135.6761135,44,1953-04-11,101
Kyoto,1954,10.62542373,1.103389831,5.86440678,9.522033898,2.261016949,15.69830508,1.918983051,8.811600659,0.342033898,281.2226472,102.85,155.65,24,15,1,3,4,2,5,1,0,1,2,1,0,35.0119831,135.6761135,44,1954-04-08,98
Kyoto,1955,10.72372881,1.472881356,6.098305085,9.250847458,2.937288136,15.94067797,1.744237288,7.704664077,1.193050847,308.0353444,107.85,143.95,26,14,3,1,5,5,4,0,0,1,0,0,0,35.0119831,135.6761135,44,1955-04-07,97
Kyoto,1956,9.26,0.458333333,4.859166667,8.801666667,3.271666667,17.77833333,1.662833333,8.218980139,1.608833333,162.3147528,90.7,140,16,14,9,2,6,5,5,1,1,1,0,0,0,35.0119831,135.6761135,44,1956-04-08,99
Kyoto,1957,8.381355932,-0.345762712,4.01779661,8.727118644,2.028813559,17.12711864,1.720508475,8.455608239,0.308305085,157.7616833,36.05,163.5,21,15,10,0,2,6,0,3,0,1,0,1,0,35.0119831,135.6761135,44,1957-04-13,103
Kyoto,1958,11.02542373,1.559322034,6.292372881,9.466101695,2.440677966,15.63728814,1.887627119,8.526578861,0.553050847,247.8487417,122.4,141.65,19,21,3,1,5,3,2,1,1,2,0,1,0,35.0119831,135.6761135,44,1958-04-09,99
Kyoto,1959,12.09661017,2.669491525,7.383050847,9.427118644,3.706779661,14.53728814,1.778474576,7.157323117,1.928305085,286.4731472,160.05,128.8,15,19,0,0,3,5,9,3,0,0,4,1,0,35.0119831,135.6761135,44,1959-04-02,92
Kyoto,1960,11.67666667,1.656666667,6.666666667,10.02,1.645,15.59833333,1.952,8.716245278,-0.307,349.6596361,132.3,148.5,23,18,2,0,0,5,2,1,0,3,2,3,1,35.0119831,135.6761135,44,1960-04-04,95
Kyoto,1961,9.742372881,0.623728814,5.183050847,9.118644068,2.388135593,15.28644068,1.855423729,8.264161959,0.532711864,228.3327194,87.1,149.75,26,16,1,0,6,3,2,1,0,1,1,2,0,35.0119831,135.6761135,44,1961-04-09,99
Kyoto,1962,10.46271186,0.789830508,5.626271186,9.672881356,1.481355932,16.31694915,1.866610169,8.644175,-0.385254237,244.6558722,83.6,152.2,20,18,3,0,4,6,2,4,0,1,1,0,0,35.0119831,135.6761135,44,1962-04-12,102
Kyoto,1963,9.028813559,0.055932203,4.542372881,8.972881356,2.26440678,15.87288136,1.810338983,8.350961158,0.454067797,182.2161639,67.85,134.4,24,16,3,3,1,5,3,1,0,1,1,1,0,35.0119831,135.6761135,44,1963-04-11,101
Kyoto,1964,8.543333333,0.538333333,4.540833333,8.005,2.34,16.73166667,1.684333333,8.067431898,0.655666667,189.0374444,45.95,215.4,22,18,4,2,4,7,1,1,1,0,0,0,0,35.0119831,135.6761135,44,1964-04-08,99
Kyoto,1965,8.676271186,-0.113559322,4.281355932,8.789830508,2.579661017,17.6220339,1.796949153,9.053004473,0.782711864,171.3368889,36.25,184,24,21,4,0,4,3,1,0,0,1,0,0,1,35.0119831,135.6761135,44,1965-04-20,110
Kyoto,1966,11.6220339,2.177966102,6.9,9.444067797,3.581355932,16.2779661,1.764067797,7.452719256,1.817288136,296.2098111,147.4,108.55,22,10,3,0,10,5,6,2,0,1,0,0,0,35.0119831,135.6761135,44,1966-04-07,97
Kyoto,1967,10.13050847,0.816949153,5.473728814,9.313559322,3.059322034,15.1,1.671864407,7.798245621,1.387457627,202.1993611,87.35,158.45,14,13,6,1,6,6,3,1,0,7,0,1,1,35.0119831,135.6761135,44,1967-04-07,97
Kyoto,1968,8.333333333,-0.773333333,3.78,9.106666667,2.883333333,15.97333333,1.639166667,8.241623194,1.244166667,171.5719556,71.25,94.05,21,13,6,4,5,3,2,4,1,0,1,0,0,35.0119831,135.6761135,44,1968-04-08,99
Kyoto,1969,9.403389831,0.547457627,4.975423729,8.855932203,3.715254237,15.31525424,1.589491525,6.824307627,2.125762712,156.7310139,82.95,138.8,24,9,4,4,7,3,4,1,1,1,0,0,1,35.0119831,135.6761135,44,1969-04-11,101
Kyoto,1970,8.689830508,-0.388135593,4.150847458,9.077966102,2.211864407,16.58813559,1.741355932,8.29240951,0.470508475,144.5311889,49.2,146.5,22,12,12,1,4,4,2,1,0,0,0,1,0,35.0119831,135.6761135,44,1970-04-17,107
Kyoto,1971,9.542372881,0.384745763,4.963559322,9.157627119,2.63559322,16.8440678,1.779491525,8.518989548,0.856101695,207.4672333,86.55,136.9,22,16,5,1,3,3,5,3,0,0,1,0,0,35.0119831,135.6761135,44,1971-04-08,98
Kyoto,1972,10.25333333,1.636666667,5.945,8.616666667,4.038333333,16.13,1.6685,7.643399815,2.369833333,232.9518722,101.4,175.25,15,19,6,1,7,3,4,2,0,2,0,1,0,35.0119831,135.6761135,44,1972-04-08,99
Kyoto,1973,9.910169492,1.172881356,5.541525424,8.737288136,1.581355932,15.52881356,1.666949153,7.529235687,-0.08559322,201.8377361,81.45,203.55,17,25,4,0,3,6,1,2,0,1,0,0,0,35.0119831,135.6761135,44,1973-04-07,97
Kyoto,1974,9.210169492,-0.010169492,4.6,9.220338983,2.725423729,16.01525424,1.694915254,7.976371657,1.030508475,205.4899833,63.2,183.85,18,16,7,1,4,4,3,4,0,2,0,0,0,35.0119831,135.6761135,44,1974-04-09,99
Kyoto,1975,9.215254237,0.520338983,4.86779661,8.694915254,2.330508475,16.51864407,1.741864407,8.342340301,0.588644068,261.7960528,73,145,19,16,9,2,3,3,3,1,1,2,0,0,0,35.0119831,135.6761135,44,1975-04-10,100
Kyoto,1976,11.12,2.026666667,6.573333333,9.093333333,4.355,15.35833333,1.653333333,7.222878889,2.701666667,252.9668472,127.7,159.4,26,14,0,0,7,4,4,2,0,1,0,1,1,35.0119831,135.6761135,44,1976-04-08,99
Kyoto,1977,9.7,0.642372881,5.171186441,9.057627119,4.152542373,16.3779661,1.768983051,8.003086158,2.383559322,253.6910528,119.7,80.75,16,13,6,5,8,2,3,2,1,1,0,1,1,35.0119831,135.6761135,44,1977-04-03,93
Kyoto,1978,8.650847458,-0.757627119,3.946610169,9.408474576,1.76779661,17.39830508,1.740169492,8.666278531,0.027627119,199.0421389,55.5,131.9,17,23,8,1,5,3,2,0,0,0,0,0,0,35.0119831,135.6761135,44,1978-04-14,104
Kyoto,1979,11.46271186,1.979661017,6.721186441,9.483050847,2.938983051,15.53559322,1.854067797,7.981231685,1.084915254,325.6385278,121.45,185.7,25,13,3,0,5,5,4,1,0,2,1,0,0,35.0119831,135.6761135,44,1979-04-07,97
Kyoto,1980,8.161666667,-0.696666667,3.7325,8.858333333,2.535,15.535,1.723666667,8.300257963,0.811333333,111.628975,34.55,162.7,33,9,6,1,5,1,3,0,0,2,0,0,0,35.0119831,135.6761135,44,1980-04-11,102
Kyoto,1981,9.549152542,0.369491525,4.959322034,9.179661017,3.105084746,15.58983051,1.690169492,7.658177024,1.414915254,189.8639306,86.65,143.45,23,5,5,3,8,6,2,5,0,2,0,0,0,35.0119831,135.6761135,44,1981-04-09,99
Kyoto,1982,9.852542373,1.113559322,5.483050847,8.738983051,2.703389831,15.20338983,1.813220339,8.097608004,0.890169492,227.5572194,97.45,147.25,27,11,2,3,7,1,2,2,0,1,2,1,0,35.0119831,135.6761135,44,1982-04-03,93
Kyoto,1983,9.596610169,0.657627119,5.127118644,8.938983051,2.56440678,16.77457627,1.697627119,7.572575047,0.866779661,155.9185639,73.05,165.1,21,16,6,1,6,4,1,2,0,2,0,0,0,35.0119831,135.6761135,44,1983-04-09,99
Kyoto,1984,6.456666667,-2.176666667,2.14,8.633333333,2.118333333,15.98666667,1.5905,8.290301389,0.527833333,84.87270278,22.2,122.9,22,11,18,0,1,2,3,1,2,0,0,0,0,35.0119831,135.6761135,44,1984-04-18,109
Kyoto,1985,10.31525424,1.666101695,5.990677966,8.649152542,4.744067797,15.76779661,1.58220339,6.462626271,3.161864407,249.0162056,92.8,176.25,25,9,3,0,3,9,7,2,0,1,0,0,0,35.0119831,135.6761135,44,1985-04-09,99
Kyoto,1986,8.7,0.077966102,4.388983051,8.622033898,2.983050847,16.96949153,1.740847458,8.442987053,1.24220339,151.7469833,61.1,147.65,21,17,4,2,3,6,1,1,0,2,1,1,0,35.0119831,135.6761135,44,1986-04-12,102
Kyoto,1987,10.0440678,1.052542373,5.548305085,8.991525424,2.818644068,16.36101695,1.698135593,7.658267373,1.120508475,253.0784,103.2,143.55,23,8,4,4,3,6,4,0,1,4,2,0,0,35.0119831,135.6761135,44,1987-04-05,95
Kyoto,1988,8.875,0.545,4.71,8.33,2.513333333,17.3,1.737833333,7.787085556,0.7755,181.3745,60.55,164.4,31,8,6,0,7,3,2,1,0,1,0,0,1,35.0119831,135.6761135,44,1988-04-15,106
Kyoto,1989,10.87966102,1.981355932,6.430508475,8.898305085,4.579661017,15.46271186,1.751016949,7.739669539,2.828644068,313.3925528,106,181.65,24,9,2,0,6,7,7,1,0,2,0,0,1,35.0119831,135.6761135,44,1989-04-03,93
Kyoto,1990,11.42033898,2.954237288,7.187288136,8.466101695,4.145762712,14.96610169,1.778135593,6.860037006,2.367627119,342.8480194,149.1,138.9,25,8,1,0,6,3,6,3,1,1,4,0,1,35.0119831,135.6761135,44,1990-03-29,88
Kyoto,1991,9.703389831,1.415254237,5.559322034,8.288135593,4.26779661,17.11016949,1.625932203,7.334816478,2.641864407,209.5205889,101.85,151.4,21,12,3,3,4,4,7,0,0,2,1,2,0,35.0119831,135.6761135,44,1991-04-07,97
Kyoto,1992,10.445,2.006666667,6.225833333,8.438333333,3.031666667,14.90333333,1.711333333,7.150016898,1.320333333,203.5361278,115.05,143,24,10,2,1,8,6,4,3,0,1,1,0,0,35.0119831,135.6761135,44,1992-04-03,94
Kyoto,1993,10.23898305,1.355932203,5.797457627,8.883050847,2.737288136,17.12711864,1.86559322,8.641432957,0.871694915,229.117725,92.25,188.25,25,14,5,1,2,1,6,0,0,2,2,1,0,35.0119831,135.6761135,44,1993-04-07,97
Kyoto,1994,8.733898305,0.159322034,4.446610169,8.574576271,2.574576271,15.84576271,1.753559322,8.450854049,0.821016949,175.6476083,43.65,185.65,27,15,6,1,2,3,2,2,1,0,0,0,0,35.0119831,135.6761135,44,1994-04-09,99
Kyoto,1995,10.68813559,1.433898305,6.061016949,9.254237288,2.26779661,15.87288136,1.878813559,8.619102119,0.388983051,305.9206833,99.2,189.75,27,9,3,0,7,7,2,1,0,0,1,2,0,35.0119831,135.6761135,44,1995-04-09,99
Kyoto,1996,9.566666667,0.605,5.085833333,8.961666667,3.09,17.73,1.799166667,8.314171667,1.290833333,196.4022278,87.5,149.55,22,15,5,1,3,5,3,3,1,1,0,0,1,35.0119831,135.6761135,44,1996-04-12,103
Kyoto,1997,10.80169492,1.211864407,6.006779661,9.589830508,1.944067797,15.54576271,1.922881356,8.268325706,0.021186441,291.5174667,101.5,133.05,25,12,1,1,5,4,2,3,0,4,1,1,0,35.0119831,135.6761135,44,1997-04-07,97
Kyoto,1998,11.89661017,2.374576271,7.13559322,9.522033898,3.079661017,15.84915254,1.98220339,8.466725753,1.097457627,336.0016861,147.65,141.7,26,9,0,0,6,9,3,2,0,2,1,1,0,35.0119831,135.6761135,44,1998-04-01,91
Kyoto,1999,10.79491525,1.576271186,6.18559322,9.218644068,2.976271186,16.39322034,1.739322034,7.340813089,1.236949153,248.7693472,115.45,162.95,26,9,5,0,5,4,4,2,1,2,0,1,0,35.0119831,135.6761135,44,1999-04-04,94
Kyoto,2000,9.41,0.168333333,4.789166667,9.241666667,2.431666667,17.585,1.882666667,8.779177222,0.549,244.9024028,62.15,167.6,24,18,4,3,4,2,3,1,0,1,0,0,0,35.0119831,135.6761135,44,2000-04-09,100
Kyoto,2001,10.51864407,1.193220339,5.855932203,9.325423729,2.176271186,16.02033898,1.919491525,8.321740631,0.256779661,278.8681278,103.35,172.95,28,10,4,0,6,6,2,1,0,2,0,0,0,35.0119831,135.6761135,44,2001-04-06,96
Kyoto,2002,11.73728814,1.96440678,6.850847458,9.772881356,2.808474576,15.15423729,1.987118644,8.314514689,0.821355932,354.1449667,148.4,124.05,25,8,4,0,4,5,4,2,0,2,1,3,1,35.0119831,135.6761135,44,2002-04-01,91
Kyoto,2003,9.857627119,1.040677966,5.449152542,8.816949153,3.066101695,15.06101695,1.751694915,8.078539689,1.31440678,247.574025,69.35,199.85,30,15,1,0,7,2,4,0,0,0,0,0,0,35.0119831,135.6761135,44,2003-04-08,98
Kyoto,2004,11.875,1.356666667,6.615833333,10.51833333,2.226666667,15.64166667,2.041333333,8.645168102,0.185333333,355.7441694,132.95,140.9,31,14,0,2,2,2,3,2,0,1,2,1,0,35.0119831,135.6761135,44,2004-04-01,92
Kyoto,2005,9.930508475,0.966101695,5.448305085,8.96440678,2.625423729,15.72033898,1.742881356,7.766811441,0.882542373,229.3825083,87.4,150.25,21,16,5,2,7,4,2,1,0,1,0,0,0,35.0119831,135.6761135,44,2005-04-09,99
Kyoto,2006,10.48813559,1.252542373,5.870338983,9.23559322,3.845762712,15.78813559,1.751016949,7.717235405,2.094745763,257.1546028,98.25,143.25,22,10,4,2,8,2,4,2,0,1,2,1,1,35.0119831,135.6761135,44,2006-04-08,98
Kyoto,2007,12.12372881,2.054237288,7.088983051,10.06949153,2.089830508,15.57288136,2.061186441,8.597076271,0.028644068,327.6613333,141.35,162.85,26,11,1,0,2,4,8,0,0,6,1,0,0,35.0119831,135.6761135,44,2007-04-07,97
Kyoto,2008,10.535,1.406666667,5.970833333,9.128333333,3.113333333,15.27,1.959333333,8.711482037,1.154,289.7075889,124.7,126.1,24,11,6,3,3,3,5,1,0,3,0,1,0,35.0119831,135.6761135,44,2008-04-04,95
Kyoto,2009,11.69322034,2.105084746,6.899152542,9.588135593,3.445762712,14.93220339,1.926779661,7.802548023,1.518983051,363.6495194,125.85,176.15,23,10,2,0,5,7,6,0,0,4,0,2,0,35.0119831,135.6761135,44,2009-04-05,95
Kyoto,2010,11.26949153,2.36440678,6.816949153,8.905084746,4.688135593,15.32881356,1.683050847,7.13384548,3.005084746,279.3277444,135.7,142.1,18,12,3,0,8,4,8,3,0,2,0,1,0,35.0119831,135.6761135,44,2010-04-05,95
Kyoto,2011,10.90169492,1.210169492,6.055932203,9.691525424,2.257627119,14.82711864,1.96559322,8.875602213,0.292033898,308.565025,98.5,171.7,16,13,5,1,4,5,5,2,1,4,2,1,0,35.0119831,135.6761135,44,2011-04-09,99
Kyoto,2012,9.406666667,0.683333333,5.045,8.723333333,3.953333333,15.20333333,1.663166667,7.313525046,2.290166667,209.5922556,84.95,156,25,10,4,2,9,1,5,1,0,2,0,1,0,35.0119831,135.6761135,44,2012-04-10,101
Kyoto,2013,11.2559322,1.798305085,6.527118644,9.457627119,2.555932203,15.50338983,1.952711864,8.100018785,0.603220339,269.4463111,141.95,132.5,28,8,2,1,4,5,4,2,0,2,2,0,1,35.0119831,135.6761135,44,2013-04-03,93
Kyoto,2014,10.37627119,2.044067797,6.210169492,8.33220339,3.825423729,15.66610169,1.778135593,7.916504473,2.047288136,241.7931528,133.2,110.6,23,7,4,3,5,5,4,0,1,7,0,0,0,35.0119831,135.6761135,44,2014-04-04,94
Kyoto,2015,11.07118644,1.644067797,6.357627119,9.427118644,3.145762712,15.77288136,1.88,8.358540019,1.265762712,269.6599444,121,147.6,25,11,3,0,4,4,5,6,0,0,1,0,0,35.0119831,135.6761135,44,2015-04-03,93
Kyoto,2016,11.46333333,2.13,6.796666667,9.333333333,2.39,14.30166667,1.968166667,8.538037963,0.421833333,335.6340722,135.05,185.65,28,11,2,0,4,1,4,1,0,4,1,4,0,35.0119831,135.6761135,44,2016-04-04,95
Kyoto,2017,10.58813559,0.374576271,5.481355932,10.21355932,2.33559322,16.50508475,1.844576271,8.227658569,0.491016949,255.1310083,73.7,176.55,20,16,3,2,3,6,5,2,1,1,0,0,0,35.0119831,135.6761135,44,2017-04-09,99
Kyoto,2018,11.57118644,1.030508475,6.300847458,10.54067797,3.194915254,15.98305085,1.986610169,7.63481629,1.208305085,251.6819444,143.45,120.5,25,9,4,2,5,2,5,0,0,0,5,2,0,35.0119831,135.6761135,44,2018-03-30,89
Kyoto,2019,11.65254237,1.962711864,6.807627119,9.689830508,2.618644068,15.05423729,1.757288136,6.925110546,0.861355932,300.8903389,129.4,143.95,27,6,4,1,8,7,4,2,0,0,0,0,0,35.0119831,135.6761135,44,2019-04-05,95
Kyoto,2020,12.40666667,2.766666667,7.586666667,9.64,3.443333333,15.67,1.851166667,7.443131343,1.592166667,315.7671472,177,132,19,11,3,4,6,4,7,2,0,3,0,1,0,35.0119831,135.6761135,44,2020-04-01,92
Kyoto,2021,13.45423729,2.891525424,8.172881356,10.56271186,3.622033898,16.41355932,2.037627119,7.745819444,1.58440678,362.2703667,213.55,95.95,23,11,4,1,3,4,6,0,0,2,0,4,1,35.0119831,135.6761135,44,2021-03-26,85
Kyoto,2022,11.15932203,0.686440678,5.922881356,10.47288136,2.125423729,15.90508475,1.820847458,7.386036817,0.304576271,230.7400667,127.5,133.2,21,14,8,4,3,1,3,2,1,2,0,0,0,35.0119831,135.6761135,44,2022-04-01,91
Kyoto,2023,13.14067797,2.854237288,7.997457627,10.28644068,2.96779661,13.73898305,1.98440678,7.24950033,0.983389831,327.1767639,204.7,104.6,26,6,3,2,6,5,5,0,0,0,3,2,1,35.0119831,135.6761135,44,2023-03-25,84
Kyoto,2024,11.20833333,2.481666667,6.845,8.726666667,5.296666667,17.43333333,1.654333333,6.587584769,3.642333333,229.5551667,135.8,165.2,16,11,4,3,6,4,9,2,1,1,2,0,1,35.0119831,135.6761135,44,2024-04-04,95
Liestal,1940,7.28,-1.658333333,2.810833333,8.938333333,1.613333333,12.69166667,1.2855,7.299990602,0.327833333,169.9879778,72.9,87.4,20,10,10,5,1,6,1,3,1,0,2,1,0,47.4814,7.730519,350,1940-04-21,112
Liestal,1941,7.913559322,-0.301694915,3.805932203,8.215254237,2.176271186,13.11864407,1.211864407,6.307066996,0.96440678,121.6897,40.2,160.55,13,14,7,5,2,7,0,3,2,2,1,3,0,47.4814,7.730519,350,1941-04-26,116
Liestal,1942,5.079661017,-3.554237288,0.762711864,8.633898305,1.683050847,9.737288136,1.126610169,6.70511775,0.556440678,185.1542417,66.2,51.55,14,8,13,6,2,3,0,2,0,5,2,4,0,47.4814,7.730519,350,1942-04-24,114
Liestal,1943,10.40169492,0.272881356,5.337288136,10.12881356,1.266101695,11.75254237,1.373728814,7.659115678,-0.107627119,257.7456167,73.65,190,14,17,7,0,1,4,0,3,0,4,8,1,0,47.4814,7.730519,350,1943-04-12,102
Liestal,1944,3.668333333,-4.573333333,-0.4525,8.241666667,1.91,13.68,1.035,6.727799398,0.875,34.23076111,5.55,75.2,16,7,12,15,1,1,0,2,1,0,3,2,0,47.4814,7.730519,350,1944-04-18,109
Liestal,1945,8.857627119,0.586440678,4.722033898,8.271186441,2.16779661,11.44915254,1.199661017,6.565096281,0.968135593,168.5500167,63.6,148,17,12,5,4,3,8,0,2,0,4,4,0,0,47.4814,7.730519,350,1945-04-02,92
Liestal,1946,9.13220339,0.976271186,5.054237288,8.155932203,2.284745763,13.68135593,1.271525424,6.173090207,1.013220339,191.3980306,86.05,147,12,15,5,8,3,5,0,3,0,5,3,0,0,47.4814,7.730519,350,1946-04-06,96
Liestal,1947,6.733898305,-2.310169492,2.211864407,9.044067797,3.322033898,11.70338983,1.098135593,6.305882203,2.223898305,125.9919111,69.95,59.85,12,11,8,7,5,4,1,4,0,1,1,5,0,47.4814,7.730519,350,1947-04-17,107
Liestal,1948,9.783333333,0.268333333,5.025833333,9.515,1.596666667,13.00833333,1.472,7.655566759,0.124666667,304.6582778,91.4,137.95,18,10,4,0,5,5,0,1,0,7,6,4,0,47.4814,7.730519,350,1948-03-28,88
Liestal,1949,7.433898305,-1.915254237,2.759322034,9.349152542,1.650847458,12.11355932,1.308813559,7.976497646,0.342033898,161.5623333,51.3,121.25,14,8,6,5,2,6,0,1,1,5,9,2,0,47.4814,7.730519,350,1949-04-17,107
Liestal,1950,9.450847458,-0.403389831,4.523728814,9.854237288,1.925423729,13.65084746,1.361694915,7.483927354,0.563728814,272.638575,69.4,144,17,12,4,4,1,9,0,3,0,4,3,2,0,47.4814,7.730519,350,1950-04-10,100
Liestal,1951,7.674576271,-0.981355932,3.346610169,8.655932203,2.574576271,14.12372881,1.190677966,6.961367891,1.383898305,101.1382694,36.8,129.2,13,13,17,2,1,6,2,3,0,2,0,0,0,47.4814,7.730519,350,1951-04-18,108
Liestal,1952,6.308333333,-2.563333333,1.8725,8.871666667,2.793333333,11.6,1.093666667,6.859827778,1.699666667,112.5616694,39.1,92.35,12,12,7,8,3,8,0,1,1,4,0,4,0,47.4814,7.730519,350,1952-04-11,102
Liestal,1953,7.003389831,-3.145762712,1.928813559,10.14915254,1.527118644,12.50677966,1.397627119,8.001153343,0.129491525,155.1105778,46.05,75.25,16,8,4,12,0,2,0,0,0,8,4,5,0,47.4814,7.730519,350,1953-04-06,96
Liestal,1954,7.606779661,-2.118644068,2.744067797,9.725423729,1.46779661,11.85932203,1.260677966,7.384451554,0.207118644,194.5551139,48.35,136.45,25,12,7,3,3,2,0,1,0,1,1,4,0,47.4814,7.730519,350,1954-04-26,116
Liestal,1955,5.654237288,-2.969491525,1.342372881,8.623728814,2.477966102,14.5559322,1.133898305,7.094768644,1.344067797,61.85231667,42.85,59.35,14,6,13,10,3,3,1,1,2,3,2,1,0,47.4814,7.730519,350,1955-04-26,116
Liestal,1956,2.87,-7.483333333,-2.306666667,10.35333333,1.201666667,12.76333333,1.141166667,7.592402685,0.0605,104.1743889,46.45,47.9,22,10,6,6,3,1,0,1,0,6,1,4,0,47.4814,7.730519,350,1956-04-27,118
Liestal,1957,10.86271186,1.611864407,6.237288136,9.250847458,2.972881356,13.36610169,1.339661017,6.973415301,1.633220339,287.217375,126.1,123.7,15,12,3,2,5,6,1,6,0,3,0,6,0,47.4814,7.730519,350,1957-03-25,84
Liestal,1958,6.559322034,-2.691525424,1.933898305,9.250847458,3.93220339,13.94915254,1.128644068,6.942045763,2.803559322,111.6370444,49.35,71.7,11,9,12,10,3,5,0,3,1,3,1,1,0,47.4814,7.730519,350,1958-04-25,115
Liestal,1959,10.29322034,-0.598305085,4.847457627,10.89152542,1.516949153,8.827118644,1.376949153,8.307724953,0.14,252.6801972,85.8,127.75,14,12,1,1,2,6,0,2,0,5,8,8,0,47.4814,7.730519,350,1959-04-02,92
Liestal,1960,8.701666667,-0.206666667,4.2475,8.908333333,2.748333333,11.24833333,1.226166667,6.803274954,1.522166667,189.4169056,72.05,141.15,13,11,7,5,4,8,0,3,1,3,3,2,0,47.4814,7.730519,350,1960-04-03,94
Liestal,1961,11.08644068,1.108474576,6.097457627,9.977966102,1.991525424,12.63728814,1.460169492,8.112891808,0.531355932,302.4304861,90.45,188.5,18,12,1,4,2,7,0,1,0,4,4,6,0,47.4814,7.730519,350,1961-03-20,79
Liestal,1962,5.047457627,-2.484745763,1.281355932,7.53220339,3.062711864,14.61694915,1.074915254,6.686683569,1.98779661,17.21422778,17.05,81.15,12,6,15,10,1,4,1,3,0,3,2,2,0,47.4814,7.730519,350,1962-04-25,115
Liestal,1963,4.344067797,-6.311864407,-0.983898305,10.6559322,1.842372881,11.38644068,1.081864407,7.020845763,0.760508475,82.43948611,7.75,117.55,16,10,6,3,2,5,0,3,1,4,7,2,0,47.4814,7.730519,350,1963-04-24,114
Liestal,1964,6.963333333,-0.778333333,3.0925,7.741666667,2.885,9.973333333,0.933333333,5.070758657,1.951666667,108.5374556,27.25,181.45,11,20,7,6,2,8,0,2,0,1,2,1,0,47.4814,7.730519,350,1964-04-16,107
Liestal,1965,4.744067797,-4.905084746,-0.080508475,9.649152542,2.440677966,11.89661017,1.051525424,6.741956921,1.389152542,121.5826111,46,48.35,13,7,13,9,2,1,1,2,1,1,5,4,0,47.4814,7.730519,350,1965-04-12,102
Liestal,1966,9.105084746,0.247457627,4.676271186,8.857627119,2.859322034,13.56271186,1.152372881,6.344352119,1.706949153,155.4290917,45.2,190.85,15,17,5,4,3,4,0,8,0,2,0,1,0,47.4814,7.730519,350,1966-04-08,98
Liestal,1967,8.996610169,0.669491525,4.833050847,8.327118644,2.655932203,14.85254237,1.242711864,6.801062241,1.413220339,191.1794222,69.45,168.05,6,18,3,2,3,12,2,3,0,4,4,2,0,47.4814,7.730519,350,1967-04-04,94
Liestal,1968,7.93,-0.938333333,3.495833333,8.868333333,2.176666667,12.87166667,1.229666667,7.201659954,0.947,147.514575,60.8,115.55,16,14,12,4,2,3,0,2,0,3,1,3,0,47.4814,7.730519,350,1968-04-12,103
Liestal,1969,5.996610169,-2.293220339,1.851694915,8.289830508,2.652542373,12.17627119,1.069830508,6.216856309,1.582711864,73.87035556,30.9,99.6,15,11,10,10,3,4,0,2,0,3,0,1,0,47.4814,7.730519,350,1969-04-23,113
Liestal,1970,4.516949153,-2.683050847,0.916949153,7.2,4.840677966,17.3220339,0.879661017,5.155594256,3.961016949,39.01976944,13.75,107.25,8,7,12,16,7,5,1,1,1,1,0,0,0,47.4814,7.730519,350,1970-04-24,114
Liestal,1971,5.318644068,-3.593220339,0.862711864,8.911864407,1.874576271,12.19322034,1.019661017,6.736422693,0.854915254,32.07393056,3.05,123.05,13,10,14,7,2,8,0,0,0,3,1,1,0,47.4814,7.730519,350,1971-04-17,107
Liestal,1972,9.816666667,0.253333333,5.035,9.563333333,1.648333333,10.26333333,1.318166667,7.222766759,0.330166667,247.8505583,70.75,181.95,19,17,4,1,0,10,2,3,0,0,0,4,0,47.4814,7.730519,350,1972-04-06,97
Liestal,1973,5.844067797,-2.638983051,1.602542373,8.483050847,1.742372881,12.55084746,1.070338983,6.479497128,0.672033898,74.87463333,19.8,85.4,16,10,10,8,0,5,0,0,0,4,5,1,0,47.4814,7.730519,350,1973-04-29,119
Liestal,1974,9.550847458,1.357627119,5.454237288,8.193220339,2.5,12.91864407,1.207966102,5.663045621,1.292033898,195.2571444,104.7,140.75,17,12,10,3,3,11,0,3,0,0,0,0,0,47.4814,7.730519,350,1974-04-02,92
Liestal,1975,7.866101695,-1.13559322,3.365254237,9.001694915,1.986440678,11.61694915,1.14220339,7.021297976,0.844237288,76.40648611,15.75,189.25,18,9,7,3,4,8,0,1,1,2,5,1,0,47.4814,7.730519,350,1975-04-18,108
Liestal,1976,7.83,-1.896666667,2.966666667,9.726666667,1.171666667,9.743333333,1.308666667,7.82266125,-0.137,150.9098444,28.4,144.6,25,8,3,5,0,6,0,0,0,8,5,0,0,47.4814,7.730519,350,1976-04-11,102
Liestal,1977,10.25762712,1.857627119,6.057627119,8.4,3.628813559,13.25423729,1.232542373,6.048320009,2.396271186,244.2801583,122.5,118.95,16,9,4,2,4,13,1,9,0,0,0,1,0,47.4814,7.730519,350,1977-03-21,80
Liestal,1978,6.683050847,-1.477966102,2.602542373,8.161016949,4.057627119,12.81186441,1.056610169,5.791407439,3.001016949,116.5564083,38.5,138.9,15,10,14,6,3,7,1,1,2,0,0,0,0,47.4814,7.730519,350,1978-04-18,108
Liestal,1979,7.333898305,0.194915254,3.76440678,7.138983051,3.498305085,13.39830508,0.976440678,4.650363606,2.521864407,85.15367778,38.15,167.2,12,9,8,4,12,11,0,3,0,0,0,0,0,47.4814,7.730519,350,1979-04-15,105
Liestal,1980,8.981666667,0.558333333,4.77,8.423333333,2.493333333,12.19333333,1.1515,6.381165509,1.341833333,138.5677889,43.95,223.6,16,17,1,0,6,11,0,2,0,4,2,1,0,47.4814,7.730519,350,1980-04-13,104
Liestal,1981,8.508474576,-0.223728814,4.142372881,8.73220339,2.323728814,12.96779661,1.202033898,6.52426629,1.121694915,160.1904194,110.45,71.55,20,6,10,3,4,8,3,1,0,1,2,1,0,47.4814,7.730519,350,1981-04-02,92
Liestal,1982,8.186440678,-1.110169492,3.538135593,9.296610169,2.055932203,12.02881356,1.225084746,7.210571092,0.830847458,125.181025,25.15,171.1,20,9,8,5,1,7,0,0,0,5,1,3,0,47.4814,7.730519,350,1982-04-18,108
Liestal,1983,6.674576271,-1.76779661,2.453389831,8.442372881,2.462711864,13.37118644,1.085084746,6.462739171,1.377627119,121.7244167,46.55,115.7,21,3,7,8,3,4,1,4,1,1,5,1,0,47.4814,7.730519,350,1983-04-11,101
Liestal,1984,6.161666667,-2.5,1.830833333,8.661666667,2.385,14.26166667,1.214,7.037400926,1.171,77.68059444,16.6,124,13,3,7,11,2,4,0,4,0,5,4,7,0,47.4814,7.730519,350,1984-04-19,110
Liestal,1985,6.755932203,-2.279661017,2.238135593,9.03559322,1.562711864,13.1220339,1.155423729,6.545028531,0.407288136,106.3909639,28.75,149.4,22,12,6,4,2,6,0,1,1,1,3,1,0,47.4814,7.730519,350,1985-04-16,106
Liestal,1986,3.874576271,-5.593220339,-0.859322034,9.46779661,2.240677966,11.83050847,1.02,7.039621563,1.220677966,67.69398056,17.45,79.4,21,6,10,5,1,5,1,1,3,3,1,2,0,47.4814,7.730519,350,1986-05-01,121
Liestal,1987,6.084745763,-1.738983051,2.172881356,7.823728814,2.415254237,12.74576271,1.070338983,5.969763136,1.344915254,32.39899167,27.4,90.15,10,6,11,13,6,4,0,2,0,2,2,3,0,47.4814,7.730519,350,1987-04-22,112
Liestal,1988,6.595,-0.35,3.1225,6.945,4.653333333,17.07666667,0.983333333,5.425378704,3.67,81.22251111,31.1,157.35,9,7,8,15,4,7,3,4,0,0,1,2,0,47.4814,7.730519,350,1988-04-17,108
Liestal,1989,10.95084746,1.138983051,6.044915254,9.811864407,2.284745763,12.64745763,1.378813559,6.701960593,0.905932203,224.17605,114.35,152.95,15,12,2,3,4,8,0,2,0,4,7,2,0,47.4814,7.730519,350,1989-03-28,87
Liestal,1990,12.21355932,2.181355932,7.197457627,10.03220339,2.579661017,15.68813559,1.517966102,7.260014124,1.061694915,284.1796056,157,125.7,19,10,6,2,6,1,0,1,0,6,6,2,0,47.4814,7.730519,350,1990-03-16,75
Liestal,1991,9.033898305,-1.06440678,3.984745763,10.09830508,1.410169492,10.5,1.224576271,6.557287853,0.18559322,204.5268972,105.15,89.2,17,12,6,5,2,4,0,1,1,5,1,5,0,47.4814,7.730519,350,1991-04-04,94
Liestal,1992,9.266666667,-0.276666667,4.495,9.543333333,2.591666667,12.765,1.230166667,6.940378657,1.3615,212.2067556,54.55,173.3,18,9,4,5,2,7,0,4,0,5,4,2,0,47.4814,7.730519,350,1992-04-11,102
Liestal,1993,7.993220339,-1.362711864,3.315254237,9.355932203,0.806779661,10.10677966,1.343389831,8.154195151,-0.536610169,128.1656889,56.5,102.85,16,6,8,5,0,3,0,0,0,9,7,5,0,47.4814,7.730519,350,1993-04-11,101
Liestal,1994,10.28983051,1.940677966,6.115254237,8.349152542,1.896610169,14.37966102,1.306779661,6.760838277,0.589830508,280.8138389,128.8,108.55,16,18,4,2,1,12,0,3,0,2,1,0,0,47.4814,7.730519,350,1994-03-23,82
Liestal,1995,8.979661017,0.415254237,4.697457627,8.56440678,3.742372881,17.03898305,1.264915254,6.532513041,2.477457627,157.0038111,53.7,158.25,10,8,11,7,3,8,0,4,2,3,2,1,0,47.4814,7.730519,350,1995-04-03,93
Liestal,1996,6.608333333,-1.801666667,2.403333333,8.41,1.408333333,11.77333333,1.231166667,7.361713704,0.177166667,86.50727778,37.2,118,20,7,16,6,1,3,0,2,0,1,2,2,0,47.4814,7.730519,350,1996-04-18,109
Liestal,1997,11.12372881,1.288135593,6.205932203,9.83559322,1.908474576,13.8559322,1.423559322,7.400006309,0.484915254,289.3169472,112.4,156.2,15,13,2,1,4,7,0,2,0,7,5,3,0,47.4814,7.730519,350,1997-03-22,81
Liestal,1998,10.00508475,0.272881356,5.138983051,9.73220339,1.281355932,11.98813559,1.439661017,7.635399341,-0.158305085,229.4845333,84.25,164.3,25,6,2,1,1,7,1,2,0,7,4,3,0,47.4814,7.730519,350,1998-03-31,90
Liestal,1999,7.272881356,-0.872881356,3.2,8.145762712,4.027118644,13.51694915,1.088474576,5.725098823,2.938644068,138.5711167,66.7,108.05,16,9,9,8,4,6,0,3,1,3,0,0,0,47.4814,7.730519,350,1999-04-04,94
Liestal,2000,9.171666667,1.24,5.205833333,7.931666667,2.785,14.105,1.209833333,6.421970648,1.575166667,232.4903194,62.8,201.9,17,15,1,5,6,11,0,1,0,3,0,1,0,47.4814,7.730519,350,2000-04-01,92
Liestal,2001,9.471186441,1.755932203,5.613559322,7.715254237,4.447457627,14.47627119,1.113559322,5.495545621,3.333898305,153.2540333,104.65,144.4,17,6,3,2,10,10,2,4,3,1,0,1,0,47.4814,7.730519,350,2001-03-30,89
Liestal,2002,10.57966102,2.133898305,6.356779661,8.445762712,3.088135593,15.30847458,1.381355932,6.373418409,1.706779661,219.7721306,116.05,147.65,17,10,7,1,5,7,1,3,0,5,2,1,0,47.4814,7.730519,350,2002-03-18,77
Liestal,2003,8.752542373,-2.455932203,3.148305085,11.20847458,0.972881356,10.51355932,1.489830508,8.585068126,-0.516949153,219.5080417,75.85,102.5,25,1,2,4,1,2,0,2,0,5,12,5,0,47.4814,7.730519,350,2003-04-02,92
Liestal,2004,8.14,-1.053333333,3.543333333,9.193333333,1.326666667,12.13,1.321166667,7.756649537,0.0055,159.5730972,58.2,132.25,24,11,9,5,0,4,0,1,0,3,3,0,0,47.4814,7.730519,350,2004-04-01,92
Liestal,2005,6.63220339,-1.920338983,2.355932203,8.552542373,1.816949153,11.43559322,1.164067797,6.852744915,0.652881356,148.960625,94.05,24.15,13,5,14,8,1,6,0,3,0,6,1,2,0,47.4814,7.730519,350,2005-04-05,95
Liestal,2006,6.276271186,-1.903389831,2.186440678,8.179661017,3.6,14.04237288,1.051864407,6.516683945,2.548135593,85.30514722,47.05,78.75,13,2,8,10,7,6,0,2,3,3,2,3,0,47.4814,7.730519,350,2006-04-21,111
Liestal,2007,9.849152542,0.789830508,5.319491525,9.059322034,3.159322034,13.76779661,1.279661017,6.895588183,1.879661017,278.7571417,67.85,198.15,13,5,5,4,10,7,1,4,1,3,3,3,0,47.4814,7.730519,350,2007-04-04,94
Liestal,2008,8.628333333,-0.24,4.194166667,8.868333333,2.075,15.16166667,1.286166667,7.313607546,0.788833333,160.7671917,60.95,113.05,11,12,6,6,2,7,0,3,1,1,8,3,0,47.4814,7.730519,350,2008-03-29,89
Liestal,2009,6.53559322,-1.33220339,2.601694915,7.86779661,3.338983051,13.09322034,1.069322034,6.375606403,2.269661017,93.94164722,15.75,155.2,16,11,10,8,3,4,0,1,1,4,0,1,0,47.4814,7.730519,350,2009-04-10,100
Liestal,2010,7.257627119,-1.271186441,2.993220339,8.528813559,2.066101695,14.16610169,1.233389831,6.718706544,0.832711864,174.1962667,72,94.1,20,8,10,6,5,7,0,1,1,1,0,0,0,47.4814,7.730519,350,2010-04-08,98
Liestal,2011,9.869491525,-0.123728814,4.872881356,9.993220339,1.201694915,9.86440678,1.332372881,7.133356262,-0.130677966,192.7415528,65.25,173.25,21,8,2,1,2,9,0,0,0,9,2,5,0,47.4814,7.730519,350,2011-03-31,90
Liestal,2012,7.575,-2.986666667,2.294166667,10.56166667,0.8,11.01166667,1.45,8.698354907,-0.65,263.1930222,91.4,99.65,24,6,5,1,2,2,0,0,0,6,7,7,0,47.4814,7.730519,350,2012-04-02,93
Liestal,2013,5.447457627,-2.703389831,1.372033898,8.150847458,2.354237288,11.70677966,1.040169492,6.454391478,1.314067797,64.88864444,14.7,103.15,16,6,16,10,0,7,1,0,0,0,2,1,0,47.4814,7.730519,350,2013-04-17,107
Liestal,2014,10.89152542,0.242372881,5.566949153,10.64915254,1.905084746,11.56440678,1.480508475,7.481867467,0.424576271,254.6809194,78,187.05,17,14,2,2,5,6,0,1,0,4,5,3,0,47.4814,7.730519,350,2014-03-25,84
Liestal,2015,8.340677966,-0.842372881,3.749152542,9.183050847,1.642372881,12.16779661,1.303050847,7.603287288,0.339322034,168.1080694,52.3,134.7,21,8,4,4,2,7,0,0,0,5,1,7,0,47.4814,7.730519,350,2015-04-11,101
Liestal,2016,8.418333333,0.418333333,4.418333333,8,3.03,15.175,1.1825,6.021059676,1.8475,143.2611861,47.35,181.3,17,11,9,9,5,4,0,1,1,1,2,0,0,47.4814,7.730519,350,2016-04-06,97
Liestal,2017,11.58135593,3.283050847,7.43220339,8.298305085,2.357627119,16.25423729,1.51,6.869941478,0.847627119,323.6860778,166.1,111.75,21,8,0,3,3,12,1,7,1,2,1,0,0,47.4814,7.730519,350,2017-03-26,85
Liestal,2018,6.074576271,-0.445762712,2.81440678,6.520338983,2.496610169,15.23898305,1.096610169,5.127051036,1.4,128.0078083,50.2,111.35,13,6,16,11,4,5,0,1,2,1,0,0,0,47.4814,7.730519,350,2018-04-08,98
Liestal,2019,11.36949153,2.376271186,6.872881356,8.993220339,2.105084746,17.65762712,1.717457627,7.445830556,0.387627119,332.2742167,141.85,115.7,17,7,4,7,4,5,1,0,0,4,4,6,0,47.4814,7.730519,350,2019-03-27,86
Liestal,2020,10.94833333,3.083333333,7.015833333,7.865,3.208333333,21.46833333,1.66,6.870421713,1.548333333,259.4803861,148.3,161.55,14,5,2,7,6,10,4,1,3,2,4,2,0,47.4814,7.730519,350,2020-03-17,77
Liestal,2021,10.07288136,1.377966102,5.725423729,8.694915254,2.172881356,14.96271186,1.533050847,7.608860264,0.639830508,296.0004444,141.05,86.9,15,7,2,9,2,10,3,0,0,3,6,2,0,47.4814,7.730519,350,2021-03-28,87
Liestal,2022,11.27457627,2.011864407,6.643220339,9.262711864,1.937288136,17.05932203,1.743559322,7.79912161,0.193728814,302.4890889,135.6,140.1,14,10,1,6,5,6,1,0,0,1,10,5,0,47.4814,7.730519,350,2022-03-26,85
Liestal,2023,10.43728814,2.242372881,6.339830508,8.194915254,2.555932203,16.50508475,1.445254237,6.539041949,1.110677966,229.02,146.35,101.1,17,10,6,4,7,7,3,0,1,0,2,2,0,47.4814,7.730519,350,2023-03-29,88
Liestal,2024,12.22333333,4.811666667,8.5175,7.411666667,3.32,16.43666667,1.419,5.927298704,1.901,348.0493083,211.4,91.65,16,13,3,2,4,7,6,7,2,0,0,0,0,47.4814,7.730519,350,2024-03-20,80
Washington,1940,8.513333333,-1.363333333,3.575,9.876666667,3.175,18.755,1.723666667,7.196037222,1.451333333,123.2992667,61.6,118.7,24,11,4,2,1,6,6,1,1,3,1,0,0,38.8853496,-77.0386278,0,1940-04-13,104
Washington,1941,6.305084746,-2.616949153,1.844067797,8.922033898,1.355932203,19.07627119,1.995084746,8.536751177,-0.639152542,78.15495278,16.95,107.2,23,5,3,2,1,3,1,1,1,4,9,6,0,38.8853496,-77.0386278,0,1941-04-12,102
Washington,1942,8.911864407,0.484745763,4.698305085,8.427118644,2.854237288,21.17288136,1.991694915,7.797877966,0.862542373,228.1179361,106.8,96.65,29,6,1,0,6,1,4,2,3,4,2,1,0,38.8853496,-77.0386278,0,1942-04-05,95
Washington,1943,9.637288136,-0.471186441,4.583050847,10.10847458,2.515254237,18.83898305,1.910169492,7.658282768,0.605084746,208.8084111,131.75,105.8,22,6,1,7,2,6,1,1,1,6,1,5,0,38.8853496,-77.0386278,0,1943-04-04,94
Washington,1944,8.62,0.231666667,4.425833333,8.388333333,3.758333333,18.06166667,1.723833333,7.044188796,2.0345,178.3419361,96.75,120.85,25,8,2,2,5,2,5,1,4,3,1,2,0,38.8853496,-77.0386278,0,1944-04-09,100
Washington,1945,13.01186441,2.898305085,7.955084746,10.11355932,1.776271186,17.52542373,2.147288136,7.900383992,-0.371016949,328.1459278,266.95,96.8,26,10,0,0,4,4,5,4,1,1,1,3,0,38.8853496,-77.0386278,0,1945-03-20,79
Washington,1946,12.32881356,2.852542373,7.590677966,9.476271186,2.408474576,18.80338983,2.066779661,7.170749718,0.341694915,266.3460917,221,89.65,24,7,3,2,4,6,6,0,1,3,3,0,0,38.8853496,-77.0386278,0,1946-03-23,82
Washington,1947,6.081355932,-2.901694915,1.589830508,8.983050847,1.66779661,20.63050847,1.889661017,8.871238371,-0.221864407,108.449875,31.45,97.7,34,5,2,6,2,1,1,1,3,3,1,0,0,38.8853496,-77.0386278,0,1947-04-12,102
Washington,1948,10.82,0.248333333,5.534166667,10.57166667,2.646666667,17.71166667,1.9215,7.454775694,0.725166667,240.0938694,203.95,57.7,24,3,5,4,6,6,4,4,1,1,1,1,0,38.8853496,-77.0386278,0,1948-03-28,88
Washington,1949,11.93050847,2.327118644,7.128813559,9.603389831,2.655932203,18.65254237,2.072033898,7.92060033,0.583898305,228.3740222,201.45,104.6,22,7,3,2,8,3,5,0,1,2,6,0,0,38.8853496,-77.0386278,0,1949-03-29,88
Washington,1950,8.6,-0.171186441,4.21440678,8.771186441,2.759322034,20.09491525,1.880677966,7.137737947,0.878644068,132.9326194,68.8,137.5,17,8,4,3,6,6,4,3,0,2,4,2,0,38.8853496,-77.0386278,0,1950-04-09,99
Washington,1951,10.17457627,0.245762712,5.210169492,9.928813559,2.798305085,18.28474576,1.895084746,7.495985311,0.903220339,225.8497028,111.3,121.3,27,7,3,1,6,4,4,0,1,2,3,1,0,38.8853496,-77.0386278,0,1951-04-06,96
Washington,1952,9.875,0.198333333,5.036666667,9.676666667,3.485,18.315,1.957833333,7.902566713,1.527166667,179.9893972,82.45,169.5,26,5,3,2,6,2,7,1,1,3,1,3,0,38.8853496,-77.0386278,0,1952-04-09,100
Washington,1953,11.2,1.420338983,6.310169492,9.779661017,3.316949153,19.01355932,2.081355932,7.661771798,1.23559322,252.2723917,141.15,104.1,29,7,1,2,4,2,6,2,1,3,2,0,0,38.8853496,-77.0386278,0,1953-03-27,86
Washington,1954,11.39322034,0.961016949,6.177118644,10.43220339,2.257627119,19.42033898,2.189830508,8.149618597,0.06779661,272.131425,139.75,124.9,28,4,1,2,5,5,3,1,0,3,5,1,1,38.8853496,-77.0386278,0,1954-04-06,96
Washington,1955,11.05932203,0.054237288,5.556779661,11.00508475,3.410169492,18.66610169,2.001355932,7.724209746,1.408813559,237.0700417,141.2,111.85,19,4,0,4,8,4,6,0,2,1,8,3,0,38.8853496,-77.0386278,0,1955-04-02,92
Washington,1956,10.03,0.225,5.1275,9.805,3.708333333,18.90833333,1.8435,6.895468565,1.864833333,239.6769556,98.8,141.85,21,7,1,6,5,3,6,3,3,0,3,2,0,38.8853496,-77.0386278,0,1956-04-06,97
Washington,1957,10.08305085,0.869491525,5.476271186,9.213559322,2.801694915,15.36271186,1.757288136,6.667121798,1.04440678,206.659625,104.1,135.3,18,10,4,6,2,7,3,2,1,2,2,2,0,38.8853496,-77.0386278,0,1957-04-08,98
Washington,1958,5.640677966,-2.611864407,1.51440678,8.252542373,4.981355932,19.76610169,1.533220339,6.948915866,3.448135593,112.0404917,21.2,141.7,29,2,5,5,3,4,0,1,6,1,1,2,0,38.8853496,-77.0386278,0,1958-04-18,108
Washington,1959,10.55084746,-0.422033898,5.06440678,10.97288136,2.057627119,18.97966102,2.100508475,8.133948305,-0.042881356,220.4698083,98.45,142.5,26,8,4,2,6,3,2,1,1,3,2,1,0,38.8853496,-77.0386278,0,1959-04-06,96
Washington,1960,5.841666667,-3.961666667,0.94,9.803333333,3.23,19.85333333,1.680333333,8.192170833,1.549666667,73.07441389,64.85,59.15,24,3,5,10,2,1,4,0,5,1,2,3,0,38.8853496,-77.0386278,0,1960-04-14,105
Washington,1961,10.05762712,0.447457627,5.252542373,9.610169492,3.977966102,17.55254237,1.756779661,6.755529002,2.221186441,243.8036611,150.15,91.3,24,6,2,2,5,4,2,4,5,3,0,2,0,38.8853496,-77.0386278,0,1961-04-02,92
Washington,1962,8.266101695,-1.042372881,3.611864407,9.308474576,3.374576271,17.85254237,1.832372881,7.385900094,1.54220339,212.6237167,92.75,101.05,22,3,1,11,4,3,3,2,4,3,0,3,0,38.8853496,-77.0386278,0,1962-04-07,97
Washington,1963,9.166101695,-2.2,3.483050847,11.36610169,2.925423729,18.51186441,1.934915254,7.745552495,0.990508475,185.1977,115.75,108.25,21,10,5,3,4,2,3,3,1,2,3,2,0,38.8853496,-77.0386278,0,1963-04-03,93
Washington,1964,8.97,-1.935,3.5175,10.905,3.666666667,20.24833333,1.863666667,7.698949444,1.803,149.7291667,89.15,97.8,15,7,3,5,3,4,5,2,7,6,2,1,0,38.8853496,-77.0386278,0,1964-04-11,102
Washington,1965,8.540677966,-1.338983051,3.600847458,9.879661017,3.066101695,18.63728814,1.836610169,7.66588451,1.229491525,157.6979222,60.65,138,24,8,5,4,1,3,2,3,1,1,3,3,1,38.8853496,-77.0386278,0,1965-04-15,105
Washington,1966,9.46779661,-0.686440678,4.390677966,10.15423729,2.569491525,17.1220339,1.909661017,8.07465306,0.659830508,197.3440417,113.9,91.65,29,6,2,2,2,5,5,0,2,1,3,2,0,38.8853496,-77.0386278,0,1966-04-05,95
Washington,1967,8.208474576,-2.206779661,3.000847458,10.41525424,3.088135593,18.28474576,1.790169492,7.843568974,1.297966102,162.228425,100.45,55.25,23,3,9,8,1,2,4,1,2,3,3,0,0,38.8853496,-77.0386278,0,1967-04-06,96
Washington,1968,9.78,-1.031666667,4.374166667,10.81166667,2.473333333,19.79,2.180166667,8.620142593,0.293166667,181.8974,128.15,90.5,31,2,3,1,1,3,3,0,3,7,2,4,0,38.8853496,-77.0386278,0,1968-03-30,90
Washington,1969,7.120338983,-1.850847458,2.634745763,8.971186441,2.249152542,19.35762712,1.851864407,7.677388559,0.397288136,127.4512889,50.35,85.25,22,6,6,5,1,4,1,3,3,2,2,4,0,38.8853496,-77.0386278,0,1969-04-09,99
Washington,1970,7.979661017,-1.242372881,3.368644068,9.222033898,2.428813559,17.72372881,1.716949153,6.99220645,0.711864407,142.0863611,36.2,161.45,27,9,8,3,4,1,1,2,1,1,0,2,0,38.8853496,-77.0386278,0,1970-04-16,106
Washington,1971,9.162711864,-0.437288136,4.362711864,9.6,3.554237288,19.80169492,1.973389831,7.998927119,1.580847458,217.7003,88.8,142.2,27,5,2,5,3,6,6,2,0,0,2,1,0,38.8853496,-77.0386278,0,1971-04-08,98
Washington,1972,8.541666667,-1.558333333,3.491666667,10.1,3.46,19.57666667,1.834666667,7.545055231,1.625333333,162.1232611,82.7,112.25,27,8,4,4,2,3,5,3,2,1,1,0,0,38.8853496,-77.0386278,0,1972-04-11,102
Washington,1973,10.63728814,1.337288136,5.987288136,9.3,2.325423729,17.22033898,1.744067797,6.445458192,0.581355932,197.711625,153.85,106.85,22,11,5,1,8,3,3,1,0,4,1,0,0,38.8853496,-77.0386278,0,1973-04-11,101
Washington,1974,10.26271186,0.788135593,5.525423729,9.474576271,2.349152542,19.21694915,2.03220339,7.650004991,0.316949153,253.9653778,133.2,108.15,24,8,3,4,2,7,4,2,1,2,2,0,0,38.8853496,-77.0386278,0,1974-04-03,93
Washington,1975,9.505084746,0.340677966,4.922881356,9.16440678,3.810169492,18.65762712,1.768813559,6.707194209,2.041355932,137.19825,105.85,103.75,23,9,4,4,6,1,4,3,3,0,1,1,0,38.8853496,-77.0386278,0,1975-04-03,93
Washington,1976,13.935,2.65,8.2925,11.285,2.015,20.15666667,2.415666667,8.250851898,-0.400666667,347.1326306,262.2,74.45,35,5,0,1,5,4,2,1,2,1,3,1,0,38.8853496,-77.0386278,0,1976-03-23,83
Washington,1977,11.93559322,0.86440678,6.4,11.07118644,1.961016949,20.33389831,2.331016949,8.696570716,-0.37,292.5873222,188.6,104.75,22,10,1,0,4,2,3,0,0,5,7,5,0,38.8853496,-77.0386278,0,1977-03-26,85
Washington,1978,6.511864407,-2.53220339,1.989830508,9.044067797,2.408474576,16.81186441,1.717457627,7.549166996,0.691016949,158.6093333,79.95,45.35,28,3,7,8,3,0,2,0,2,5,1,0,0,38.8853496,-77.0386278,0,1978-04-12,102
Washington,1979,8.023728814,-2.706779661,2.658474576,10.73050847,3.201694915,17.14576271,1.820169492,7.712273635,1.381525424,217.4783139,123,81.5,28,2,3,4,1,4,5,5,3,1,3,0,0,38.8853496,-77.0386278,0,1979-04-02,92
Washington,1980,7.695,-1.62,3.0375,9.315,2.683333333,18.93833333,1.777,7.51139287,0.906333333,164.9315694,89.2,86.95,24,2,2,7,9,5,1,1,1,4,2,2,0,38.8853496,-77.0386278,0,1980-04-06,97
Washington,1981,10.27627119,-0.038983051,5.118644068,10.31525424,2.193220339,20.08644068,2.036610169,7.855657721,0.156610169,220.4200417,119.05,119.15,29,5,5,0,3,6,2,3,0,3,2,0,1,38.8853496,-77.0386278,0,1981-04-03,93
Washington,1982,9.422033898,0.123728814,4.772881356,9.298305085,3.030508475,16.66949153,1.761016949,7.0449871,1.269491525,221.2149833,95.35,121.9,23,7,3,9,9,2,1,2,1,0,2,0,0,38.8853496,-77.0386278,0,1982-04-07,97
Washington,1983,9.705084746,0.625423729,5.165254237,9.079661017,2.979661017,17.78305085,1.829830508,6.813229896,1.149830508,167.4687889,125.6,97.7,30,3,0,3,5,1,3,4,2,7,1,0,0,38.8853496,-77.0386278,0,1983-04-07,97
Washington,1984,9.47,0.583333333,5.026666667,8.886666667,4.701666667,19.32666667,1.671666667,6.585843704,3.03,200.8866,102.9,130.45,21,7,4,2,1,4,5,3,3,6,1,2,1,38.8853496,-77.0386278,0,1984-04-03,94
Washington,1985,10.46101695,0.755932203,5.608474576,9.705084746,2.750847458,18.73728814,2.151355932,7.688440443,0.599491525,246.1706194,155.65,96.55,31,6,1,2,6,0,3,2,0,3,1,4,0,38.8853496,-77.0386278,0,1985-04-07,97
Washington,1986,9.611864407,-0.588135593,4.511864407,10.2,2.291525424,16.92542373,1.874915254,6.853033804,0.416610169,194.5403,146.5,81.2,19,3,3,7,9,3,1,0,3,1,8,2,0,38.8853496,-77.0386278,0,1986-04-02,92
Washington,1987,9.650847458,-1.008474576,4.321186441,10.65932203,1.923728814,16.44067797,2.028644068,8.653286441,-0.104915254,185.0848194,104.25,93.25,32,6,3,1,3,4,0,1,2,1,3,2,1,38.8853496,-77.0386278,0,1987-03-28,87
Washington,1988,10.725,0.001666667,5.363333333,10.72333333,1.961666667,18.46,2.153333333,8.405086065,-0.191666667,212.6824472,137.4,102.05,27,4,6,1,5,1,3,1,0,8,0,4,0,38.8853496,-77.0386278,0,1988-03-31,91
Washington,1989,10.20169492,0.455932203,5.328813559,9.745762712,3.36440678,16.85423729,1.799322034,6.54935113,1.565084746,148.5035917,158.4,93.55,24,5,6,4,6,1,4,1,0,4,1,2,1,38.8853496,-77.0386278,0,1989-03-29,88
Washington,1990,13.47288136,2.937288136,8.205084746,10.53559322,2.374576271,17.95254237,2.123389831,7.583995198,0.251186441,285.4165833,245.35,96.2,27,9,1,3,2,7,2,1,0,2,4,0,1,38.8853496,-77.0386278,0,1990-03-15,74
Washington,1991,12.23050847,2.061016949,7.145762712,10.16949153,3.271186441,17.9779661,2.071525424,7.171635358,1.199661017,260.8115861,186.45,92.15,27,5,1,4,6,5,4,0,1,2,3,1,0,38.8853496,-77.0386278,0,1991-03-29,88
Washington,1992,10.27833333,0.366666667,5.3225,9.911666667,3.16,18.11333333,1.861,7.348518611,1.299,205.1539583,110.5,118.8,33,2,2,4,3,3,6,3,0,0,1,3,0,38.8853496,-77.0386278,0,1992-04-07,98
Washington,1993,7.461016949,-1.896610169,2.78220339,9.357627119,4.662711864,18.19322034,1.599152542,7.052375847,3.063559322,123.1399833,68.35,96.6,27,3,2,6,3,2,4,2,2,5,1,2,0,38.8853496,-77.0386278,0,1993-04-11,101
Washington,1994,9.23559322,-0.830508475,4.202542373,10.06610169,5.186440678,18.63898305,1.737966102,6.925841996,3.448474576,156.7895,91.4,103.95,25,4,4,5,5,4,4,1,2,1,2,2,0,38.8853496,-77.0386278,0,1994-04-05,95
Washington,1995,10.03389831,-0.586440678,4.723728814,10.62033898,1.898305085,16.42711864,2.058644068,8.301926836,-0.160338983,264.9476667,139.45,72.55,29,6,1,2,3,4,0,1,3,1,7,2,0,38.8853496,-77.0386278,0,1995-04-02,92
Washington,1996,7.888333333,-1.711666667,3.088333333,9.6,2.778333333,18.17166667,1.864666667,7.196242315,0.913666667,171.487225,102.7,87.85,24,4,2,8,2,2,3,4,2,3,3,3,0,38.8853496,-77.0386278,0,1996-04-04,95
Washington,1997,11.66779661,1.650847458,6.659322034,10.01694915,3.237288136,19.29491525,2.086271186,7.843673917,1.151016949,272.7216111,162.7,111.6,25,7,2,2,10,4,2,0,2,2,2,0,1,38.8853496,-77.0386278,0,1997-03-26,85
Washington,1998,11.32033898,2.377966102,6.849152542,8.942372881,4.466101695,17.94237288,1.900508475,7.157816196,2.56559322,214.2364583,166.4,134.85,27,10,5,0,5,2,5,0,0,2,1,2,0,38.8853496,-77.0386278,0,1998-03-27,86
Washington,1999,9.671186441,0.086440678,4.878813559,9.584745763,2.745762712,17.97118644,2.010847458,8.000054567,0.734915254,236.5037056,97.85,106.55,21,6,3,5,5,3,3,2,1,0,4,6,0,38.8853496,-77.0386278,0,1999-04-05,95
Washington,2000,12.68833333,1.393333333,7.040833333,11.295,2.655,17.475,2.237833333,8.43452537,0.417166667,334.6672417,210.25,74.15,27,4,1,1,4,5,7,0,1,4,3,3,0,38.8853496,-77.0386278,0,2000-03-17,77
Washington,2001,9.698305085,-0.181355932,4.758474576,9.879661017,2.4,18.66610169,1.883559322,7.677599906,0.516440678,172.4703361,74.2,153.7,24,11,4,2,5,4,3,0,1,1,3,1,0,38.8853496,-77.0386278,0,2001-04-06,96
Washington,2002,12.26610169,1.415254237,6.840677966,10.85084746,2.088135593,19.03050847,2.228813559,7.956986959,-0.140677966,242.9467083,167.25,111.25,26,5,0,1,5,4,4,4,0,1,7,1,1,38.8853496,-77.0386278,0,2002-04-02,92
Washington,2003,8.637288136,-1.210169492,3.713559322,9.847457627,3.755932203,16.68644068,1.563220339,6.522930791,2.192711864,157.568725,113.4,78.25,23,0,5,5,2,8,4,1,5,3,1,2,0,38.8853496,-77.0386278,0,2003-04-02,92
Washington,2004,10.40833333,-0.105,5.151666667,10.51333333,1.963333333,16.66166667,2.0275,8.26448162,-0.064166667,254.5044444,125,116.75,31,5,1,3,2,6,2,2,0,4,4,0,0,38.8853496,-77.0386278,0,2004-03-31,91
Washington,2005,9.066101695,-0.903389831,4.081355932,9.969491525,3.037288136,16.56949153,1.757118644,7.993681309,1.280169492,155.0764056,70.6,126.3,29,6,4,4,2,4,3,1,2,0,3,1,0,38.8853496,-77.0386278,0,2005-04-09,99
Washington,2006,10.7559322,0.183050847,5.469491525,10.57288136,1.084745763,18.46610169,2.351016949,8.653583945,-1.266271186,212.3479194,132.6,120,39,4,3,0,1,2,1,2,2,2,3,0,0,38.8853496,-77.0386278,0,2006-03-30,89
Washington,2007,8.916949153,-1.340677966,3.788135593,10.25762712,2.425423729,18.75762712,2.101864407,8.501343315,0.323559322,237.9460556,144.2,56,25,4,4,4,1,3,1,4,2,5,1,5,0,38.8853496,-77.0386278,0,2007-04-01,91
Washington,2008,11.20666667,0.86,6.033333333,10.34666667,3.093333333,18.79833333,2.029666667,7.597884769,1.063666667,263.9689639,138.55,136.6,18,14,4,1,3,7,6,2,1,2,0,2,0,38.8853496,-77.0386278,0,2008-03-26,86
Washington,2009,10.47288136,0.266101695,5.369491525,10.20677966,1.528813559,17.91694915,2.098474576,7.824727872,-0.569661017,205.5342556,134.75,115.5,30,6,5,2,3,6,1,0,1,1,2,2,0,38.8853496,-77.0386278,0,2009-04-01,91
Washington,2010,9.13559322,-0.274576271,4.430508475,9.410169492,3.8,19.07118644,1.767118644,6.918958945,2.032881356,169.0875333,142.95,59.5,22,7,7,2,4,3,2,1,5,2,2,2,0,38.8853496,-77.0386278,0,2010-03-31,90
Washington,2011,11.09152542,0.594915254,5.843220339,10.49661017,3.033898305,18.49491525,2.095762712,7.694122693,0.938135593,183.1664694,125.8,123.1,26,6,5,4,2,4,4,2,0,4,2,0,0,38.8853496,-77.0386278,0,2011-03-29,88
Washington,2012,14.43,3.996666667,9.213333333,10.43333333,1.51,16.29833333,2.2855,8.292802824,-0.7755,343.5693194,290.05,105.25,19,10,5,2,5,6,1,1,0,3,3,5,0,38.8853496,-77.0386278,0,2012-03-20,80
Washington,2013,8.128813559,-0.627118644,3.750847458,8.755932203,2.576271186,19.31016949,1.85440678,7.265700895,0.721864407,174.003025,46.05,135.55,25,7,7,5,2,1,2,2,2,1,2,2,1,38.8853496,-77.0386278,0,2013-04-09,99
Washington,2014,7.611864407,-2.510169492,2.550847458,10.1220339,3.549152542,18.34237288,1.705084746,7.008259134,1.844067797,141.9397472,71.1,77.7,27,2,5,8,3,3,2,0,5,3,1,0,0,38.8853496,-77.0386278,0,2014-04-10,100
Washington,2015,6.413559322,-4.545762712,0.933898305,10.95932203,2.866101695,18.47118644,1.655423729,7.46627646,1.210677966,111.7777278,57.65,72.95,23,6,3,7,6,4,0,0,3,5,1,1,0,38.8853496,-77.0386278,0,2015-04-10,100
Washington,2016,12.01666667,2.036666667,7.026666667,9.98,2.325,18.575,2.14,7.561427639,0.185,282.4763111,220.7,69.9,24,9,7,4,5,2,4,2,0,1,0,2,0,38.8853496,-77.0386278,0,2016-03-25,85
Washington,2017,12.88983051,1.986440678,7.438135593,10.90338983,2.320338983,21.01525424,2.240169492,7.870862712,0.080169492,270.2271167,227,76.15,28,6,4,1,5,4,3,2,3,0,1,2,0,38.8853496,-77.0386278,0,2017-03-25,84
Washington,2018,10.39491525,0.493220339,5.444067797,9.901694915,3.313559322,20.0440678,1.764915254,6.300564972,1.548644068,136.5129722,123.55,116.7,23,5,2,7,5,6,3,1,3,0,1,3,0,38.8853496,-77.0386278,0,2018-04-05,95
Washington,2019,10.26440678,0.179661017,5.222033898,10.08474576,3.825423729,18.72881356,2.02779661,7.448539642,1.797627119,226.5941778,114.7,124.05,26,7,3,3,4,2,4,2,4,0,3,1,0,38.8853496,-77.0386278,0,2019-04-01,91
Washington,2020,13.105,3.168333333,8.136666667,9.936666667,3.153333333,18.03666667,1.989833333,6.287076574,1.1635,273.084875,227.65,104.4,20,8,0,0,9,9,4,6,0,2,1,1,0,38.8853496,-77.0386278,0,2020-03-20,80
Washington,2021,10.81016949,1.052542373,5.931355932,9.757627119,3.811864407,18.81355932,2.06220339,6.750581733,1.749661017,239.779175,162.35,88.65,22,5,3,6,0,2,7,0,4,2,6,1,1,38.8853496,-77.0386278,0,2021-03-28,87
Washington,2022,12.75084746,1.43220339,7.091525424,11.31864407,2.83559322,20.45254237,2.146949153,7.474081262,0.688644068,262.5985861,204.4,80.7,34,6,2,2,6,1,5,0,1,0,0,2,0,38.8853496,-77.0386278,0,2022-03-21,80
Washington,2023,12.9,2.36440678,7.63220339,10.53559322,2.296610169,20.15762712,2.185762712,6.946852024,0.110847458,304.7003972,201.15,98.2,30,8,1,2,3,4,8,0,0,1,0,2,0,38.8853496,-77.0386278,0,2023-03-23,82
Washington,2024,12.82333333,2.198333333,7.510833333,10.625,3.646666667,17.87,2.117666667,7.603154074,1.529,272.7243472,190.5,112.7,24,6,0,0,1,4,7,5,2,5,4,1,1,38.8853496,-77.0386278,0,2024-03-17,77
